,Film,Song,Raga
0,Kagaz ki Nau,Na Jaiyo Re Sautan Ghar Sainya,Abhogi Kanada
1,Kshudista Pashan (Bengali)(Hungry Stones),Tarana,Abhogi Kanada
2,Anpadh,Aap Ki Nazaron Ne Samjha,Adana
3,Arzoo,Ai Dil Mujhe Aisi Jagah Le Chal,Adana
4,Jhanak Jhanak Paayel Baje,Jhanak Jhanak Paayal Baaje,Adana
5,Kaise Kahoon,Manmohan Man Men Ho Tumhi,Adana
6,Beti Bete,Radhike Tune Bansari Churaiye,Adana
7,Meera Shyam,Sanware Mata Ja,Adana
8,Uljhan,Aapne Jeevan Ki Uljhan Ko,ahir_bhairav
9,Hum Dil De Chuke Sanam,Albela Sajan Aayo Re,ahir_bhairav
10,Swami Vivekananda,Chalo Man Jayen Ghar Aapne,ahir_bhairav
11,Haisiyat,Dhire Dhire Subah Hui He Jag Uthi Zindagi,ahir_bhairav
12,(non-film song),"Hamen Koi Gham Nahin Tha, Gham-e-Ashiqi Se Pahle",ahir_bhairav
13,Dastak,"Mai Ri Main, Kaise Jiyun Ri",ahir_bhairav
14,Ram Nagari,Main To Kabse Teri Sharan Men Hun,ahir_bhairav
15,Vijeta,Man Anand Anand Chhayo,ahir_bhairav
16,Dekh Kabira Roya,Meri Vina Tum Bin Roye,ahir_bhairav
17,Meri Surat Teri Aankhen,Puchho Na Kaise Maine Rain Bitai,ahir_bhairav
18,"(non-film song)""Ram Shyam Gun Gaan"" (Album)",Ram Ka Gun Gaan Kariye,ahir_bhairav
19,Ram Teri Ganga Maili,Ram Teri Ganga Maili Ho Gayi...,ahir_bhairav
20,Ek Duje Ke Liye,Sola Baras Ki Baali Umar ko Salam,ahir_bhairav
21,Dil Ne Pukara,Waqt Karta Jo Wafa Aap Hamare Hote,ahir_bhairav
22,Alaap,Zindagi Ko Sanvarana Hoga,ahir_bhairav
23,Bawarchi,"Bhor Ayi, Gaya Andhiyara",Alhiya Bilawal
24,(non-film song),Jana Gana Mana,Alhiya Bilawal
25,Parichay,Sare Ke Sare Ga Ma Ko Lekar Gate Chale,Alhiya Bilawal
26,Thakshak,Khamosh Raat,Anandbhairavi
27,Sapnay,Roshan Huyi Raat,Anandbhairavi
28,Mera Saaya,Tu Jahan Jahan Chalega,Nand
29,Mera Saaya,Tu Jahan Jahan Chalega,Nand
30,Badi Bahen,Chale Jana Nahin Naina Milake,asawari
31,Darr,"Jadoo Teri Nazar, Khusboo Tera Badan",asawari
32,Do Badan,"Lo Aa Gayi Unki Yaad, Wo Nahi Aaye",asawari
33,Aaj Aur Kal,Mujhe Gale Se Laga Lo Bahut Udas Hun Main,asawari
34,Toofan Aur Diya,Piya Te Kaha,asawari
35,Madhumati,"Aja Re, Paradesi",Bageshri
36,Bluff Master,Bedardi Dagabaz Ja Tu Nahin Balma Mora,Bageshri
37,Shahjehan,Chah Barbad Karegi,Bageshri
38,(non-film song),Chaman Men Rang-e-Bahar Utara To Maine Dekha,Bageshri
39,Bezubaan,"Divane Tum, Divane Hum",Bageshri
40,Madhumati,Ghadi Ghadi Mora Dil Dhadke,Bageshri
41,Dekh Kabir Roya,Hamse Aya Na Gaya,Bageshri
42,Private Secretary,"Ja Re, Beiman Tujhe Jan Liya",Bageshri
43,Anarkali,Jaag Dard-e-Ishq Jaag,Bageshri
44,Rangoli,Jao Jao Nand Ke Lala,Bageshri
45,Kshudito Pashan,Kaise Kate Rajani,Bageshri
46,Sangeet Samrat Tansen,Madhura Madhura Sangeet,Bageshri
47,"non film song, from album ""Golden Collection Vol 1""","Maikhana Piye Ja Yunhi, Deewana Piyeja (a.k.a. Mastana Piye Jaa Yoon)",Bageshri
48,,Piya Dekhan Ko Tarsein,Bageshri
49,(non-film song) Aap Ki Pasand (album),Poochhta Jaa Mere Marghat se Guzarne Waley,Bageshri
50,Saath Lakh,Qarar Lootne Wale Qarar Ko Terse,Bageshree
51,Azad,Radha Na Bole Na Bole,Bageshri
52,Insaaf Ki Tope,Shubh Ghadi Aai,Bageshri
53,Chhaaya,Chham Chham Nachat Ayi Bahar,Bahar
54,Shabaab,Man Ki Bin Matavari Baje,Bahar
55,Jai Hanumaan,Re Re Bahar Ayi,Bahar
56,Mamta,Sakal Bana Gagan,Bahar
57,Talash,Khayi Hai Re Hamne Kasam Sang Rahne Ki,Barawa
58,Stree,Basant Hai Aayaa Rangeela,Basant
59,Non Film Song,Lo Phir Basant Aae,Basant
60,Basant Bahar,"Ketaki, Gulab, Juhi Champaka Bana Phule",Basant Bahar
61,Phir Wohi Dil Laya Hoon,Dekho Bijlee Dole,Basant Mukhari
62,Jis Desh Me Ganga Behti Hai,O Basanti Pavan Pagal,Basant Mukhari
63,Haath Ki Safai,Vaadaa Kar Le Saajna,Basant Mukhari
64,Nakhuda,Huq Ali,Bhairagi Bhairav
65,Upahaar,Mein Ek Raja Hun,Bhairagi Bhairav
66,Parde Ke Peeche,Tere Bina Jiya Na Lage,Bhairagi Bhairav
67,Sansar,Amma Roti De,bhairav
68,Gautam Govinda,Ek Ritu Aye Ek Ritu Jaye,bhairav
69,Sanskar,Hanse Tim Tim,bhairav
70,Jagte Raho,"Jaago, Mohan Pyare Jaago",bhairav
71,Musafir,Mana Re Hari Ke Guna,bhairav
72,Baiju Bawra,Mohe Bhul Gaye Sanvariya,bhairav
73,Sur Sangam,Aayo Prabhat,Bhatiyar
74,Ghar Ghar Ki Kahani,Jaya Nandlala,Bhatiyar
75,Water,Naina Neer Bahaye,Bhatiyar
76,Dil Ne Pukara,Hamko Hone Laga Hai Pyaar Tumse,Bhupal Todi
77,Aradhana,"Chanda Hai Tu, Mera Suraj Hai Tu",bhupali
78,Silsila,Dekha Ek Khvab To Yeh Silsile Hue,bhupali
79,Rudaali,Dil Hun Hun Kare,bhupali
80,Meera,Giridhar Gopala,bhupali
81,Ziddi,"Ham Tum Se Na Kuchh Kah Paaye, Tum Ham Se Na Kuchh Kah Paaaye",bhupali
82,(non-film song),"He Govind, He Gopal, He Dayaal Lal",bhupali
83,Umrao Jaan,In Ankhon Ki Masti Ke Mastane Hazaron Hai,bhupali
84,Sur Sangam,Jaun Tore Charan Kamal Par Vari,bhupali
85,Bhabhi Ki Chudiyaan,Jyoti Kalash Chalke,bhupali
86,Hare Rama Hare Krishna,Kanchi Re Kanchi Re,bhupali
87,Amrapali,Nil Gagan Ki Chhaonmen,bhupali
88,Chori Chori,Panchhi Banu Udti Firun Mast Gagan Men,bhupali
89,Sehra,Pankh Hote To Ud Ati,bhupali
90,Dhoond,Sansaar Ki Har Shay Ka,bhupali
91,(non-film song),Sanvare Rang Rachi,bhupali
92,Love In Tokyo,"Sayonara, Sayonara",bhupali
93,Gumraah,Yeh Hava...Yeh Phiza...Aa Bhi Jaa,bhupali
94,(Non film song),Ab Ke Hum Bichray,bhupeshwari
95,(non film-song),Chadta Suraj,bhupeshwari
96,(Not a film song),Malavun Taak Deep,bhupeshwari
97,Shahjehan,Ai Dil Beqarar Kyun,bihag
98,Hum Matwale Naujahan,"Banke Chakori Gori, Jhum Jhum Nachegi",bihag
99,Grih Pravesh,Boliye Surili Boliyan,bihag
100,Kohinoor,Chalenge Tir Jab Dil Par,bihag
101,Udan Khatola,"Hamare Dil Se Na Jana, Dhokha Na Khana",bihag
102,Alaap,"Koi Gata, Main So Jata",bihag
103,Andaaz ,"Meri Ladli Re, Meri Ladli",bihag
104,Milan,Suhani Beriya Beeti Jay,bihag
105,Mere Mehboob,Tere Pyar Mein Dildar,bihag
106,Goonj Uthi Shahanai,Tere Sur Aur Mere Geet,bihag
107,Umrao Jaan,Yeh Kya Jagah Hai Doston,bihag
108,Aap Ki Kasam,Zindagi Ke Safar Men Guzar Jate Hain Jo Makam,bihag
109,Lekin,Jhoothe Naina Bole Sanchi Bateeyan,Bilaskhani Todi
110,Rani Roopmati,Aaja Bhanvara Suni Dagar,Brindavani Sarang
111,Tansen,Ghata Ghanaghor Ghor,Brindavani Sarang
112,Kashmir Ki Kali,Hai Re Hai (a.k.a. Meri Jaan Balle Balle),Brindavani Sarang
113,Ik Si Maa,"Haye Ve Dilbar Dildara
",Brindavani Sarang
114,Nagin,Jaadugar Sainyan,Brindavani Sarang
115,Rani Roopmati,Jhananana Jhan Baje Payaliya,Brindavani Sarang
116,Rudaali,Jhuthi Muthi Mitwa Avan Bole,Brindavani Sarang
117,Bhabhi,"Kaare Kaare Badara, Jaare Jaare Badara",Brindavani Sarang
118,Chandralekha,Mana Bhavana Sawan Aya,Brindavani Sarang
119,Sansar,Pyar Hamara Munna ,Brindavani Sarang
120,Dil Diya Dard Liya,Saavan Aye Ya Na Aye,Brindavani Sarang
121,Sunhare Din,Tum Sang Akhiyan Milake,Brindavani Sarang
122,Milan (It appears that this song was omitted from some versions of the film),Aaj Dil Pe Koi Zor Chalta Nahin,Charukesi
123,(non-film song),Aisa Lagta Hai Zindagi Tum Ho,Charukesi
124,Raaz,Akele Hain Chale Ao,Charukesi
125,Dastak (Old),Bainya Na Dharo,Charukesi
126,Arzoo,Bedardi Balama,Charukesi
127,Haseena Maan Jayegi,Bekhudi Mein Sanam,Charukesi
128,Mere Humdam Mere Dost,Chalo Sajna Jahaan Tak,Charukesi
129,Saraswati Chandra,Chhod De Saari Duniya Kisi Ke Liye,Charukesi
130,(non-film song) - Album Mast Nazaren (Live),Dukh Ki Laharne Cheda Hoga,Charukesi
131,Himalay Ki God Mein,Ek Tu Jo Mila,Charukesi
132,Jaan Baaz,Jaan-E-Jaana...Jab Jab Teri Surat Dekhun,Charukesi
133,Mere Hamsafar ,Kisi Raha Men Kisi Mod Par (a.k.a Mere Hamsafar),Charukesi
134,Purab Aur Paschim,Koi Jab Tumhara Hriday Tood De,Charukesi
135,Pyaasa Saawan,Megha Re Megha Re...,Charukesi
136,Maryada,"Mohabbat Ke Suhane Din, Javani Ki Hansi Raaten",Charukesi
137,Geet Gata Chal,Shyam Teri Bansi Pukare Radha Naam,Charukesi
138,Diwanaa,Teri Ummid Tera Intzaar Karte Hai,Charukesi
139,Jahan Ara,Baad Muddat Ki Yeh Ghadi Ayi,Chayanat
140,Samundar,"Chaina Nahin Aye, Kahan Dil Jaye",Chayanat
141,Ziddi,"Chanda Re, Ja Re Ja Re",Chayanat
142,Kaala Paani,Ham Bekhudi Men Tumko Pukare Chale Gaye,Chayanat
143,Papa Kehte Hain,Mujhse Naraz Ho To,Chayanat
144,Talaash,Tere Naina Talash Kare Jise,Chayanat
145,Aarzu,Aaji Ruth Kar Ab Kahan Jaiega,desh
146,Neela Akash,Aap Ko Pyar Chupane Ki Buri Adat Hai,desh
147,Kalpana,Beqasi Had Se Jab Guzar Jaye,desh
148,"(non-film song) album- ""Live in Fiji""",Chadariya Jhini Re Jhini,desh
149,Devdas,Dukh Ke Ab Din Bitat Nahi,desh
150,Main Suhagan Hun,"Gori Tore Naina, Nainava Kajar Bin Kare Kare",desh
151,Bhakta Surdaas,Kadam Chale Age,desh
152,The Adventures Of Robinhood,Mana Mere Haseen Sanam,desh
153,Maan,Mere Pyar Men Tujhe Kya Mila,desh
154,Tadbir,Milne Ka Din Aa Gaya,desh
155,Seeta-Rama Kalyanam,Paadave Ragamayi,desh
156,Anubhav,Phir Kahin Koi Phul Khila,desh
157,Jhanak Jhanak Paayal Baaje,Sainya Ja Ja Mose Na Bolo Kahe Ko Neha Lagaye,desh
158,Sehraa,Takdir Ka Fasaana,desh
159,Non Film Song,Vande Mataram,desh
160,Baiju Bawra,Aaj Gaavat Man Mero Jhumke,Deshi
161,Sargam,Jab Dil Ko Satae Gam,Devagandhari
162,non film song,Jhulana Jhulao,Devagandhari
163,Hum Dono,Prabhu Tero Nam Jo Dhyae Phal Paye,Dhani
164,Banjaarin,Chanda Re Mori Patiya Le Ja,durga
165,Geet Gaya Pattharon Ne,Geet Gaya Pattharon Ne,durga
166,Teen Deviyan,Aise To Na Dekho,Gara
167,Mulzim ,Diwana Kahe Ke Aaj Mujhe Phir Pukariye,Gara
168,Aakhri Daao,Hamsafar Saath Apna Chhod Chale,Gara
169,Gunj Uthi Shehnai,Jivan Men Piya Tera Sath Rahe,Gara
170,Hum Dono,Kabhi Khud Pe Kabhi Haalaath Pe Ronaa Aayaa,Gara
171,Mughal-e-Azam,Mohe Panghat Pe Nandalal Ched Gayo Re,Gara
172,(non-film song),Raghupati Raghav Raja Ram,Gara
173,Guide,Tere Mere Sapne Ab Ek Rang Hain,Gara
174,Laal Pathar,Unke Khayal Aye To Ate Chale Gaye,Gara
175,Malhar,Garajat Barsat Bheejata Ailo,Gaur Malhar
176,Taj Mahal,Jurm-e-Ulfat Pe,Gaur Malhar
177,Ashirvad,Jhir Jhir Barase Savani Ankhiyan,Gaur Malhar
178,Noor Jahan,"Sharabi, Sharabi Ye Savan Ka Mausam",Gaur Malhar
179,Hum Dono,Allah Tero Naam,Gaur Sarang
180,(non-film song),Dairo Haram Men Basne Waalon,Gaur Sarang
181,Aasman,Dekho Jadu Bhare More Naina,Gaur Sarang
182,Ekadashi,Jhula Jhulo Re,Gaur Sarang
183,Chhoti Chhoti Batein,Kuch Aur Zamana,Gaur Sarang
184,Society,Leheron Mein Jhoolun,Gaur Sarang
185,Pardesi,Na Dir Deem,Gaur Sarang
186,Hamdard,Ritu Aye Ritu Jaye,Gaur Sarang
187,(non-film song),Saawan Rut Aaye Dekho Balam,Gaur Sarang
188,Funtoosh,Woh Dekhen To Unki Inayat,Gaur Sarang
189,Kuch Naa Kaho,Baat Meri Suniye To Zara,Gawati
190,Nayak,Chalo Chale Mitwa,Gawati
191,LOC Kargil,Ek Saathi Aur Bhi Tha,Gawati
192,Taal,Kariye Na,Gawati
193,Palki,Dil Ki Kashti,Gorakh Kalyan
194,Delhi-6,Bhor Bhaye,goojari_todi
195,Ashirvad,Ek Tha Bachapan,goojari_todi
196,Lekin,Jaa-Jaa Re Ai Pathikwa,goojari_todi
197,Phool Bane Angare,"Watan Pe Jo Fida Hoga (a.k.a. ""Himala Ki Bulandi Se Suno Aavaaz Hai Aayi"")",goojari_todi
198,Free Love,Ham Kashma Kashe Se Gamse Guzar Kyu nahi Jaate,Gunkali
199,Free Love,Ham Kashma Kashe Se Gamse Guzar Kyu nahi Jaate,Gunkali
200,Kohinoor,Madhuban Men Radhika Nache Re,Hamir
201,Non Film Song,Sur Ki Gati Main Kya Janun,Hamir
202,Parivaar,Ja Tose Nahin Bolun Kanhaiya,Hamsadhwani
203,"Non Film Song ""Chala Vahi Desh""",Karam Ki Gati Nyari,Hamsadhwani
204,Sharda,O Chaand Jahaan Woh Jaaye,Hamsadhwani
205,Naya Zamana,Kahan Jaate Ho Toota Dil Hamara,Hamsakinkini
206,Bahurani,Balma Anadi Man Bhaye,Hemant
207,Jalti Nishani,Ruth Ke Tum To Chal Diye,Hemant
208,Sangeet Samrat Tansen,Sudh Bisar Gai Aja,Hemant
209,Bawarchi,,Hemant
210,Dekh Kabir Roya,Bairan Ho Gai Raina,Jaijaivanti
211, Koyal,Dil Ka Diya Jalaya,Jaijaivanti
212,(non-film song),Dost Ban Kar Bhi Nahin Saath Nibhanevala,Jaijaivanti
213,Seema,Manmohana Bade Jhuthe,Jaijaivanti
214,Lal Patthar,Suni Suni Saaj Ki Sitar Par,Jaijaivanti
215,Mughal-e-Azam,Yeh Dil Ki Lagi Kam Kya Hogi (a.k.a. Jab Raat Hai Aisi Matwali),Jaijaivanti
216,Son of India,Zindagi Aaj Mere Nam Se Sharamati Hai,Jaijaivanti
217,Oonche Log,Ajaa Re Mere Pyar ke Rahi,Janasamohani with touches of Jhinjhothi
218,Raffo Chakkar,Bhajan Bina Chain Naa Aye Ram,Janasamohani
219,Anuradha,Haye Re Wo Din Kyun Naa aaye,Janasamohani
220,Dil Diya Dard Liya,Koi Sagar Dil Ko Behlata Nahin,Janasamohani
221,Aggi Veerudu,Pilichindi Andala Baala,Janasamohani
222,Do Kalyan,Chitanandan Aage Nachungi,Jaunpuri
223,Inspector,Dil Ched Koi Aisa Nagma,Jaunpuri
224,Satyamev Jayate,Dil Mein Ho Tum Ankhon Me Tum,Jaunpuri
225,Jogan,Ghunghat Ke Pat Khol,Jaunpuri
226,Taxi Driver,Jaye To Jayen Kahan Samjhe Ga Kaun Yahan,Jaunpuri
227,Madhosh,Meri Yad Men Tum Na Ansu Bahana,Jaunpuri
228,Swadesh,Pal Pal Hai Bharee,Jaunpuri
229,Sangeet Samrat Tansen,Badli Badli Duniya Hai Meri,Jhinjhoti
230,Champakali,Chhup Gaya Koi Re Door Se Pukar Ke,Jhinjhoti
231,Chor Machaye Shor,"Ghungharu Ki Taraha, Bajta hi Raha Hun Main",Jhinjhoti
232,Basant Bahar ,"Jaa Jaa Re Jaa, Balmava",Jhinjhoti
233,Chhoti Bahen,Jaun Kahan Bata E Dil,Jhinjhoti
234,Jhumroo,"Koi Hamdam Na Raha, Koi Sahara Na Raha",Jhinjhoti
235,Mere Mehboob,Mere Maheboob Tujhe Meri Muhabbat Ki Qasam,Jhinjhoti
236,Guide,Mose Chal Kiye Jaye Hai Re Hai Hai Dekho Saiyan Beiman,Jhinjhoti
237,Zindagi,So Ja Rajkumari So Ja,Jhinjhoti
238,Chirag,Teri Ankhon Ke Siva Duniyan Mein,Jhinjhoti
239,Non Film Song,"Thumak Chalat Ramchandra, Baajat Paijaniya",Jhinjhoti
240,Pagla Kahin Ka,Tum Mujhe Yun Bhula Na Paoge,Jhinjhoti
241,Dil Se,Dil Se Re,Jog
242,Sawan,Naina Dwara Se,Jog
243,"Non-film song from album ""Sehar Ho Rahi Hai""",Unape Yu Pyar Aane Laga hai (a.k.a. Un Pe Kuch Iss Tarah Pyar Aane Laga,Jog
244,Dil Ek Mandir Hai,Dil Ek Mandir Hai,Jogiya
245,Sangeet Samrat Tansen,He Natraja Gangadhar Shambho Bolenath,Jogiya
246,Goonj Uthi Shehnaai,Kah Do Koi Na Kare Yahan Pyaar,Jogiya
247,Hamdard,"Pi Been Suna Re, Patjhad Jaisa Jeevan Mera","Jogiya (first part), Bahar (second part)"
248,Sone Ki Chidiya,Raat Bhar Ka Hai Maheman Andhera,Jogiya
249,(non film song),Nis Din Barsat Nain Hamare,Jogkauns
250,Suhagan,Ae Dunya Kya Tujh Se Kahen,kafi
251,Godaan,Biraj Men Holi Khelat Nand Lal,kafi
252,Chacha Zindabad,Bairana Neend Na Aye,kafi
253,Munimji,Ghayal Hiraniya,kafi
254,Mere Hazoor,Hamari Sansoo Me Aaj Tak Woh Hina Kis Kushboo,kafi
255,non film song,Hori Ho Brijaraja Dulare,kafi
256,Saiqa,Ik Sitam Aur Meri Jaan Abhi Jaan Baqi Hai,kafi
257,Ghazal,Ishq Ki Garmi-e-Jazabaat Kise Pesha Karun,kafi
258,Anarkali,Jalte Hain Arman Mera Dil Roota Hai,kafi
259,Chashme Buddoor,Kaali Ghodi Dwar Khadi,kafi
260,Dhool Ka Phool,Kaise Kahun Man Ki Baat,kafi
261,Sawal,Lat Uljhi Suljha Ja Re Baalam,kafi
262,Chahat,Pyar Bhare Do Sharmeele,kafi
263,Koel,Rim Jhim Rim Jhim Pere Phawar Tera Mera Nit Ka Pyar,kafi
264,Heer Ranjha,Sun Wanjli Di Mithri Taanway,kafi
265,Sharafat,Tere Bheege Badan Ki Kushboo Se,kafi
266,An Evening With Jagjit Singh (non-film song),"Tum Nahin, Gam Nahin, Sharab Nahin",kafi
267,Manokamnaa,Tumhara Pyar Chahiye Mujhe,kafi
268,Jaal,Yeh Raat Yeh Chandni,kafi
269,(non-film song),Dil Men Aur To Kya Rakha Hai,Kalavati
270,Hum Kisi Se Kum Nahin,Ham Kisi Se Kam Nahin,Kalavati
271,Chitralekha,Kahe Tarasae Jiyara,Kalavati
272,Sur Sangam,Maika Piya Bulave,Kalavati
273,Barsaat Ki Raat,Na To Karavan Ki Taalash Hai,Kalavati
274,Darvaza,Piya Nahin Aye,Kalavati
275,Khilona,Sanam Tu Bevafa Ke Nam Se,Kalavati
276,Uljhan,Subah Aur Sham Kaam Hi Kaam,Kalavati
277,Swades,Yeh Tara Voh Tara,Kalavati
278,Chitralekha,Ae Ri Janeh na Doongih!,Kamod
279,Ragini,Chheda Diye Mere Dil Ke Tara Ko,Kamod
280,Amrapali,Jao Re Jogi Tum Jao Re,Kamod
281,Saath Saath,Tumko Dekha To Ye Khayal Aya,Kamod
282,Non Film Song,Ab To Madhava Mohe Ubar,Kaushik Kanada
283,Ustaadon Ke Ustaad,Sau Bar Janam Lenge,Kaushik Kanada
284,Ghar,Aap Ki Ankhon Men Kucch Mahake Hue Se Raaz Hai,Kedar
285,Ek Musafir Ek Hasina,Aap Yun Hi Agar Humse Milte Rahe Dekhiye Ek Din Pyaar Ho Jaayega,Kedar
286,Mughal-e-Azam,Bekas Pe Karam Kijie,Kedar
287,Non-film song,Bhooli Bisri Chand,Kedar
288,Saawan Ko Aane Do,Bole To Basuri Kahi,Kedar
289,Narsi Bhagat,Darashan Do Ghanashyam Naath Morii Ankhiyan Pyasi Re,Kedar
290,Guddi,Ham Ko Man Ki Shakti Dena,Kedar
291,Chingari,Har Waqt Tere Husn Ka,Kedar
292,Boot Polish / Tel Malish,Kanha Ja Re,Kedar
293,Jahanara,Kisi Ki Yaad,Kedar
294,Ashiaana,Main Pagal Mera Manawa Pagal,Kedar
295,Benazeer,Mil Ja Re Jane Jana,Kedar
296,The Burning Train,Pal Do Pal Ka Saath Hamara,Kedar
297,Bhakta Surdaas,Panchhi Bawra Chhand Se Prit Lagaye,Kedar
298,Munimji,Sajan Bina Neend Na Ave,Kedar
299,Andaaz ,Uthaye Ja Unke Sitam Aur Jeeye Ja,Kedar
300,Navrang,A Dil Se Dil Mila Le,khammaaj
301,Aarti,Ab Kya Misal Dun,khammaaj
302,Buddha Mil Gaya,Ayo Kahan Se Ghanashyam,khammaaj
303,Amar Prem ,Bada Natkhat Hai Re Krishna Kahaiya,khammaaj
304,Mother India,Chunariya Katati Jae,khammaaj
305,Kohinoor,Dhal Chuki Sham-e-Gham,khammaaj
306,Bhanwara,Ham Apna Unhe Bana Na Sake,khammaaj
307,Aaye Din Bahar Ke,Khat Likh De Savariya Ke Naam Babu,khammaaj
308,Amar Prem ,Kuch To Log Kahenge,khammaaj
309,Meera,Mere To Giridhara Gopala,khammaaj
310,Kaala Paani,Nazar Lagi Raja Tore Bungle Par,khammaaj
311,Parakh,"O Sajna, Barakha Bahara Ayi",khammaaj
312,Guide,Piya Tose Naina Lage Re,khammaaj
313,Miss Mary,Sakhi Re Suun Bole Papiha,khammaaj
314,Pushpanjali ,Sham Dhale Jamuna Kinare,khammaaj
315,Aarti,Tere Bina Sajna Lage Na Jiya Hamar,khammaaj
316,(non-film song),Vaishnav Jan To,khammaaj
317,Devdaas,Vo Na Ayenge Palatkar,khammaaj
318,Golmaal,"Anewala Pal, Janewala Hai",Kirvani
319,Phir Wohi Dil Laaya Hoon,Ankhon Se Jo Utari,Kirvani
320,(non-film song),Be-Sabab Baat Badhaneki Zaroorat Kya Hai,Kirvani
321,Door Ka Raahi,"Beqaraar Dil, Tu Gaye Jaa",Kirvani
322,(non-film song),"E Husn-E-Beparvah Tujhe Shabnam Kahun, Shola Kahun",Kirvani
323,Ram Teri Ganga Maili,Ek Radha Ek Meera,Kirvani
324,Laal Pathhar,Geet Gata Hun Main Gunagunata Hun Main,Kirvani
325,Love Marriage,Kahe Jhum Jhum Raat Ye Suhani,Kirvani
326,Swami,Kya Karun Sajani (a.k.a. Ka Karoon Sajani),Kirwani
327,Ek Musafir Ek Hasina,Main Pyar Ka Rahi Hun,Kirvani
328,Nagin (Old) ,Mera Dil Yeh Pukare Aaja,Kirvani
329,Anamika,Meri Bhigi-Bhigi Si Palakon Pe Rah Gaye,Kirvani
330,Post Box No. 999,Neend Na Mujhko Aye,Kirvani
331,(non-film song),Para Para Hua Pairahan-E-Jaan,Kirvani
332,Mere Sanam,Pukarta Chala Hun Main,Kirvani
333,(non-film song),Shola Tha Jal Bujha Hun,Kirvani
334,Anwar,Tose Naina Lage (a.k.a. Javeda Zindagi),Kirvani
335,Pyase Panchhi,Tumhi Mere Mit Ho,Kirvani
336,Dil Ek Mandir,"Yad Na Jaye, Bite Dinon",Kirvani
337,Chori Chori,Ye Raat Bheegi Bheegi,Kirvani
338,Delhi Ka Thug,Ye Raten Ye Mausam Nadi Ka Kinara,Kirvani
339,Ishqiya,Badi Dheere Jali,lalith
340,Leader,Ek Shahenshah Ne Banvaa Ke Hasin Tajmahal,lalith
341,(non-film song),Koi Paas Aya Savere Savere,lalith
342,Chacha Zindabad,Pritam Daras Dikhao,lalith
343,Kalpana,Tu Hai Mera Prem Devta,lalith
344,Rani Roopmati,A Laut Ke Ajaa Mere Meet,Madhumadhavi Sarang
345,Non Film Song,Bin Barish Barsaat Na Hogi,Madhumadhavi Sarang
346,Madhumati,Chad Gayo Paapi Bichua,Madhmat Sarang
347,Sanjh Aur Savera,Ajahun Na Aye Balma,Madhuvanti
348,Chala Vahi Desh (Non-Film),Ko Birahini Ko Dukh Jane,Madhuvanti
349,Dil Ki Rahen,Rasm-e-Ulfat Ko Nibhaen To Nibhaen Kaise,Madhuvanti
350,Picnic,Balma Bolo Na,Malgunji
351,Chhote Nawab,Ghar A Jaa Ghir Aye Badra Sanvareya,Malgunji
352,Safar,Jivan Se Bhari Teri Ankhen,Malgunji
353,Anand,"Naa, Jiyaa Laage Naa Tere Bina Mera Kahin",Malgunji
354,Jhanak Jhanak Payel Baaje,Naina So Nain Nahin Milo,Malgunji
355,Adalat,Unko Ye Shikayat Hai Ke Ham,Malgunji
356,Abhimaan,Ab To Hai Tumse Har Khushi Apni,Mand
357,Baiju Baawara,Bachpan Ki Mohabbat Ko Dil Se Na Judaa Karna,Mand
358,Shabaab,Jo Me Jaanthi Bisarat,Mand
359,Lekin,Kesariya Balma,Mand
360,Swarg Nark,Piya Piya Bole Mora Kangana,Mand
361,Reshma Aur Shera,Tu Chanda Main Chandani,Mand
362,Anuradha,Jaane Kaise Sapanon Main Kho Gayi Ankhiyan,Manj Khammaj
363,Shagird,Kaanha Kanha Aan Padi Re Tere Dwar,Manj Khammaj
364,Anuradha,Kaise Dina Bite Kaise Biti Ratiyan Piya Jane Na,Manj Khammaj
365,Bheegee Raat,Dil Jo Na Kahe Saka,Maru Bihag
366,Ek Phool Chaar Kaante,Matawali Naar Thumak Thumak,Maru Bihag
367,Ek Raaz,Payalwali Dekhna,Maru Bihag
368,Mehbooba,Radha Jaye Na (AKA Jamuna Kinare),Maru Bihag
369,Sehraa,Tum To Pyar Ho Sajna,Maru Bihag
370,Saaz Aur Aawaz,Payeliya Banvari,marwa
371,Chashme Buddoor,Kahan Se Aye Badra,Megh
372,(non-film song),Konpalen Phir Fut Ayi,Megh
373,(non-film song),Mahefil Men Baar Baar Kisi Par Nazar Gai,Megh
374,Tansen,Baraso Re,Megh Malhar
375,Mother India,Dukha Bhare Din Bite Re Bhaiya,Megh Malhar
376,Mera Naam Joker,"Kaare Kaare Badra, Suni Suni Ratiya (a.k.a More Ang Lag Ja Balma)",Megh Malhar
377,Boot Polish,Lapak Jhapak,Megh Malhar
378,Kohinoor,Tan Ranga Lo Ji Aaj Man Ranga Lo Baraso Re,Megh Malhar
379,Saaz,Baadal Ghumad Bhar Aaye,Mian Ki Malhar
380,Basant Bahar,Bhaye Bhanjana...Darasa Tere Mange Main Tera Pujari,Mian Ki Malhar
381,Guddi,"Bole Re Papihara, Papihara",Mian Ki Malhar
382,(non-film song),Ek Bas Tu Hi Nain,Mian Ki Malhar
383,Ladki Sayadri Ki,Karo Sab Nichhavar,Mian Ki Malhar
384,Samrat Prithviraj Chauhan,Na Na Na Baraso Baadal,Mian Ki Malhar
385,Tere Dwar Khada Bhagwan,Nach Mere Mora Zara Nach,Mian Ki Malhar
386,Kathputli,Nacha Re Mayura (a.k.a. Bakedr Bam Bam Baje Damroo),Mian Ki Malhar
387,"(non-film song) <a href=""/biodata/asha_bhosle.html""",Bhini Bhini Bhor Aayi,miyan_ki_todi
388,Shabab,Daya Karo e Giridhar,Multani
389,Jeevan Jyoti,Laga Gayeen Akhiyan,Multani
390,Mera Saaya,Tu Jahan Jahan Chalega,Nand
391,Mera Saaya,Tu Jahan Jahan Chalega,Nand
392,Dil Chata Hai,Jaane Kyon Log Pyar Karte Hai,Nattakurunji
393,Humse Hai Muquabla,Premika Ne Pyar Se,Nattakurunji
394,Buzdil,Jhan Jhan Jhan Jhan Payal Baje,Nat Bihag
395,Son of India,Chala Diye Deke Gam,Nayaki Kanada
396,Chit Chor,Gori Tera Gaun Bada Pyara,Palasi
397,Hamari Yaad Aaegi,"Hamari Yad Aayegi, Kabhi Tanhaiyon Men",Palasi
398,Sharmilee,Megha Chhaye Adhi Rat,Patdeep
399,Saaz Aur Awaz,Saaz Ho Tum Avaaz Hun Main,Patdeep
400,Rangeela,Hai Rama Yeh Kya Hua,Puria Dhanashri
401,Aaye Milan ki Raat,Kitane Dino Ke Baad Ye Aai Sajana Rat Milan Ki,Puria Dhanashri
402,Non-film,Koyaliya Ud Ja Yahan Nahi Koya (a.k.a. Koyaliya Tere Bol),Puria Dhanashri
403,Aastha: In the Prison of Spring,"Labon Se Chumlo, Aankhon Se Thaamlo Mujh Ko",Puria Dhanashri
404,Badalte Rishtey,Meri Saanson Ko Jo Mahaka Rahi Hai,Puria Dhanashri
405,Soorat Aur Seerat,Prem Lagana,Puria Dhanashri
406,1947:Earth  ,"Rut Aa Gayi Re, Rut Chha Gayi Re",Puria Dhanashri
407,Baiju Bawra,Tori Jay Jay Karatara,Puria Dhanashri
408,Prem Geet,Tumne Kya Kya Kiya Hai Hamare Liye,Puria Dhanashri
409,Meera,Karuna Suno Shyam Mori,poorvi
410,Dekh Kabir Roya,Kaun Aya Mere Man Ke Dvare,Rageshri
411,Jaagir,Mane Na,Rageshri
412,Janwar,Mere Sang Ga Gunguna,Rageshri
413,Anarkali,Muhabbat Aisi Dhadkan Hai,Rageshri
414,Ek Saal,Sab Kuch Lutake Hosh Men Aaye To Kya Kiya,Rageshri
415,Mughal-e-Azam,Shubhadina Ayo Rajadulara,Rageshri
416,Susheela,Bemuravvata Bewafa,Shankara
417,Chaliya,Bolo Bolo Kanha Bolo Chaliya,Shankara
418,Desh Pardesh,Desh - Pardesh,Shankara
419,Tansen,Rumajhuma Rumajhuma Chala Tihari,Shankara
420,Andolan,Prabhu Charanon Men ,Shri
421,Professor,Aavaz Deke Hame Tum Bulao,Shivaranjani
422,Non film song,Although We Hail From Different Lands. (A.K. A. The World Is One),Shivaranjani
423,Suraj,Baharon Phul Barsao,Shivaranjani
424,Zanjeer,Banake Kyun Bigada Re,Shivaranjani
425,Bhayanak,"Bheega Bheega Mausam Aaya, Barse Ghata Ghanghor",Shivaranjani
426,Pataal Bhairavi,Chuma Chuma...Mujhko Bana Le Priyatama,Shivaranjani
427,Beta,Dhak Dhak Karne Laga,Shivaranjani
428,Brahmachari,Dil Ke Jharokhe Mein Tujhko Bithakar,Shivaranjani
429,Mera Naam Joker,Jaane Kahan Gaye Woh Din,Shivaranjani
430,Bees Saal Baad,Kahin Deep Jale Kahin Dil,Shivaranjani
431,Milap,Kai Sadiyon Se Kai Janmon Se,Shivaranjani
432,Sant Gyaneshwar,Khabar Meri Naa Lini Re Bahut Din Bite,Shivaranjani
433,Ghunghat,"Lage Na Mora Jiya, Sajna Nahin Aye Haye",Shivaranjani
434,Bhabhi Ki Chudiyan,Meri Laj Rakho Giridhari,Shivaranjani
435,Mehabooba,Mere Naina Savan Bhaando,Shivaranjani
436,Mujhe Kuch Kehna Hai,Mujhe Kuch Kehna Hai,Shivaranjani
437,Karma,Na Jaiyo Pardes,Shivaranjani
438,Sangam,"O Mere Sanam, O Mere Sanam",Shivaranjani
439,Piya Milan Ki Aas,Piya Milan Ki Aasre,Shivaranjani
440,Kunwari,Pyar Ke Pal Chin,Shivaranjani
441,Anjaana,Rimjhim Ke Geet Savan Gaye Hai,Shivaranjani
442,Aag Him Aag,Saajan A Jao,Shivaranjani
443,Raftaar,Sansar Hai Ek Nadiya Dukh Sykh,Shivaranjani
444,Chahat,"Sawan Aye, Sawan Jaye",Shivaranjani
445,Ek Duje Ke Liye,Tere Mere Bich Mein,Shivaranjani
446,Pyar Jhukta Nahin,"Tum Se Milkar, Na Jane Kyun, Aur Bhi Kuchh Yaad Aata Hai",Shivaranjani
447,Ek Jaan Hain Ham,Yaad Teri Aayegi,Shivaranjani
448,Paying Guest,Chand Phir Nikala,Shuddha Kalyan
449,Sikander-e-Azam,Jahaan Daal Daal Par Sone Ki Chidiyaan Karti Hain Basera ,Shuddha Kalyan
450,Jaanvar,Meri Muhabbat Javan Rahegi,Shuddha Kalyan
451,Chori Chori,Rasika Balma,Shuddha Kalyan
452,Aah,Ye Sham Ki Tanahaiyan,Shuddha Kalyan
453,Dard Ka Rishta,Yoon Neend Se,Shyam Kalyan
454,Devdas,Balma Aayo Baso More Manmen,Sindhura
455,Sangeet Samrat Tansen,Jhumati Chali Hava,Sohani
456,Grahasthi,Jivan Jyot Jale,Sohani
457,Truck Driver,Kanha Re Kanha,Sohani
458,Suvarna Sundari,Kuhu Kuhu Bole Koyaliya,Sohani
459,Moghal-e-Azam,Prem Jogan Ban Ke,Sohani
460,Basant,Paayal Jham Jham Baaje,Sohani
461,Ram Rajya,Dar Lage Garaje Badariya,Sur Malhar
462,Murti,Badariya Baras Gayi Us Paar,tilak_kamod
463,Sarang,Chali Re Chali Re Mai To Des Paraye,tilak_kamod
464,Godan,Hiya Jarat Rahat Din Rain,tilak_kamod
465,Pyar Ka Sagar,Ho Gaye Do Rooj...Wafa Jinse Ki,tilak_kamod
466,Dulha Dulhan,Hamne Tujhko Pyar Kiya Hai Jitna,tilak_kamod
467,First Love,Mujhe Mil Gayi Hai Mohabat,tilak_kamod
468,Hariyali Aur Rasta,Teri Yaad Dil Se Bhulane,tilak_kamod
469,Bhumika,Tumhare Bin Ji Na Lage Gharmen,tilak_kamod
470,Raagini,Chota Sa Baalama Ankhiyan Neend Udaye Le Gayo,Tilang
471,Yeh Gulistan Hamara,Gori Gori Gaon Ki Gori Re,Tilang
472,Mehboob Ki Mehndi,Itna To Yaad Hai Mujhe,Tilang
473,Sharmilee,Kaise Kahen Ham,Tilang
474,Dekh Kabir Roya,Lagan Tose Lagi Balma,Tilang
475,Deedar,Meri Kahani Bhulnevale Tera Jahan Abad Rahe,Tilang
476,Bindiya,Mujhe Zindagi Divana Kar De (a.k.a. Mein Apne Aap Se Ghabra Gaya Hoon),Tilang
477,Main Nashe Me Hun,Sajna Sang Kahe Neha Lagae,Tilang
478,Shabaab,Yahi Arman Lekar Aaj Apne Ghar Se Ham Nukale,Tilang
479,"(non film song) album name is ""Abhang Tukyache""",Aga Karunakara,Todi
480,Basant Bahar,"Duniya Na Bhaye Mohe, Ab To Bulale",Todi
481,Meera,Eri Main To Prem Divani,Todi
482,Baiju Bawra,Insan Bano,Todi
483,Pilpili Sahab,Jab Tum Hi Hame Barbad Karo,Todi
484,(non-film song),"Jag Mein Sunder Hai Do Naam, Chahe Krishna Kaho Ya Ram",Todi
485,Sant Gyaneshwar,Jago Re Jago Prabhat Aya,Todi
486,Intazar,Jis Din Se Piya,Todi
487,Taj Mahal,Khuda E Baratar Teri Zamin Par,Todi
488,Himalaya Ki God Me,Mai To Ek Khvaab Hun,Todi
489,non film song,Nanda Nandana,Todi
490,Amar Prem,Raina Beeti Jaye,Todi
491,A Non-film song,Saqi Ki Har Nigah Pe,Todi
492,Utsav,Neelam Ke Nabh Chhayi,Vibhas
493,Utsav,Sanjh Dhale Gagan Tale Hum Kitane Ekaki,Vibhas
494,Shruthi Layalu,Thandanana,Vibhas
495,Non film song from album Chala Vahi Des - Meera ke Bhajan,Udajare Ja Re Kaga,Bhinashadaj
496,(non-film song),Yad Piya Ki Aye,Bhinashadaj
497,Anurodh,Aap Ke Anurodh Pe Main Ye Geet,yaman
498,Raja Hindusthaani,Aaye Ho Meri Zindagi Me,yaman
499,Hum Dono,Abhi Na Jao Chhodkar,yaman
500,Sankalp,Ang Ang Rang Chalkaye,yaman
501,Parvarish,Ansu Bhari Hai Ye Jivan Ki Rahe,yaman
502,Chhaaya,Ansu Samjh Ke Kyun Mujhe,yaman
503,Ram Lakhan,Bada Dukh Dina Tere Lakhanne,yaman
504,Ardhangini,Bade Bhole Ho,yaman
505,Sanjog,Bhuli Hui Yadon,yaman
506,Saraswati Chandra,Chandan Sa Badan Chanchal Chitavan,yaman
507,Mamta,Chhupa Lo Yun Dil Men Pyar Mera,yaman
508,Dil Diya Dard Liya,"Dil Diya Dard Liya (a.k.a. ""Dilruba Maine Tere Pyar Mein"")",yaman
509,Palaki,Dil-e-Betab Ko Sine Se,yaman
510,Dil Hi To Hai,Dil Jo Bhi Kahega Manenge ,yaman
511,Tansen,Diya Jalao Jagmag Jagmag,yaman
512,"My Sister (a.k.a. ""Meri Bahen"")",Do Naina Matavare Tihare,yaman
513,Junglee,Ehasaan Tera Hoga Mujhapar,yaman
514,Ragrang,Eri Ali Piya Bina,yaman
515,Papa Kehte Hain,Ghar Se Nikalte Hi Kuch Door Chalate Hi,yaman
516,Non film song,Har Ek Baat Pe,yaman
517,Pakeezah,Inhi Logon Ne Le Lina Dupatta Mera,yaman
518,Char Dil Char Rahen,Intazaar Aur Abhi,yaman
519,Aandhi,Is Mod Se Jate Hai,yaman
520,Bahana,Ja Re Badra Bairi Ja,yaman
521,Chit Chor,Jab Dip Jale Ana,yaman
522,Amar,Janevale Se Mulakat Na Hone Payi,yaman
523,Ganga Ki Lahren,Jay Jay He Jagadambe Mata,yaman
524,Sati Savitri,Jivan Dor Tumhi Sang Bandhi,yaman
525,Anpadh,Jiya Le Gayo Ji Mora Sanvariya,yaman
526,Bahu / Beti,Jiyo To Aise Jiyo,yaman
527,Chala Vahi Desh (non-film song),Kenu Sang Khelun Holi,yaman
528,Samundar,"Kya Saath Mera Doge, Tum Pyar",yaman
529,Laal Quila,Lagta Nahin Hai,yaman
530,Bhabi Ki Chudiyan,Lau Lagati Geet Gaati,yaman
531,Zindagi,Main Kya Janun Kya Jadu Hai,yaman
532,Chitralekha,Man Re Tu Kahe Na Dhir Dhare,yaman
533,Sunhere Qadam,Mangne Se,yaman
534,Pakeezah,Mausam Hai Ashiqaana,yaman
535,Refugee,Mere Hamsafar Mere Hamsafar Mere Paas Aa Mere Paas Aa,yaman
536,Heer Ranjha,Meri Duniya Mein Tum Aaye,yaman
537,Mrig Trishna,"Nava Kalpana, Nava Rup Se",yaman
538,Dil Hi To Hai,Nigahen Milane Ko Ji Chahata Hai,yaman
539,Mirza Ghalib,Nuktacheen Hai Gham-e-Dil,yaman
540,Teesri Kasam,Pan Kaye Saiyyan Humaro,yaman
541,Phir Subah Hogi,Phir Na Kije Meri Gustakh Nigaon,yaman
542,Non Film Song,Pritam Aan Milo,yaman
543,Papa Kehte Hain.,Pyar Mein Hota Hai Kya Jadoo,yaman
544,(non-film song),"Ranjish Hi Sahi, Dil Hi Dukhane Ke Liye Aa",yaman
545,Lal Patthar,Re Man Sur Mein Ga,yaman
546,Angoor,Roz Roz Dali Dali Kya Likh Jaye,yaman
547,Babar,Salam-e-Hasrat Kabool,yaman
548,Chitralekha,Sansar Se Bhage Phirte Ho,yaman
549,Tansen,Sapt Suran Teen Gram,yaman
550,Saaranga,Saranga Teri Yaad Men,yaman
551,Ek Baar Muskuraa Do,Savere Ka Suraj Tumhare Liye Hai,yaman
552,(non-film song),Shola Hun Bhadakne Ki Gujarish Nahin Karta,yaman
553,Non-film song,Shree Ram-Chandra Kripalu Bhajamana,yaman
554,Tarana,Sine Men Sulaghate Hai Arman,yaman
555,Deewana,Sochenge Tumhe Pyaar Kare Ke Nahin,yaman
556,(Non film) Album = Mast Nazren,Sochte Aur Jaagte Sansonka Ek Dariyaa Hun Mein,yaman
557,Satyam Shivam Sundaram ,Suni Jo Unke Aane Ki Aahat,yaman
558,Shokhiyaan,Supna Bana Sajana Aye,yaman
559,Aapas Ki Baat,Tera Chehra,yaman
560,Leader,Tere Husn Ki Kya Taarif Karun,yaman
561,Dil Hi To Hai,Tum Agar Mujhko,yaman
562,Anita,Tum Bin Jivan Kaise Bita,yaman
563,Sathi Savitri,Tum Gagan Ke Chandrama Ho,yaman
564,Kuch Naa Kaho,Tumhein Aaj Maine Dekha,yaman
565,Baharen Phir Bhi Aayegi,Woh Has Ke Mile Humse,yaman
566,Parasmani,"Woh Jab Yaad Aye, Bahut Yaad Aye",yaman
567,Khamoshi,Woh Sham Kuchh Ajib Thi,yaman
568,Umar Qaid,"Yaad Rahega, Pyarka Yeh Rangin Zamanaa Yaad Rahega",yaman
569,Ab Dilli Door Nahin,Ye Chaman Hamra Apna Hai,yaman
570,Lajawab,Zamaane Ka Dastur Hai Ye Purana,yaman
571,Haqeeqat,Zara Si Ahat Hoti Hai...Kahin Yeh Woh To Nahin,yaman
572,Barsaat Ki Raat ,Zindagi Bhar Nahin Bhulegi Vo Barsaat Ki Raat,yaman
573,Maaya,"Jaa Re, Jaa Re Ud Jaa Re Panchhi",bhairavi
574,Kohinoor,Jaadugar Katil,bhairavi
575,Shah Jahan,Jab Dil Hi Tut Gaya,bhairavi
576,Tere Mere Sapne,Jaise Radha Ne Mala Japi Shyam,bhairavi
577,Beimaan,Jay Bolo Beiman Ki,bhairavi
578,Shola Aur Shabnam,Jeet Hi Lenge,bhairavi
579,Mera Naam Joker,Jina Yahan Marna Yahan,bhairavi
580,Saheli,Jis Dil Me Basa Tha Pyaar Tera,bhairavi
581,(non-film song),Jo Bhaje Hari Ko Sada,bhairavi
582,Jhanak Jhanak Paayal Baje,Jo Tum Todo Piya,bhairavi
583,Sant Gyaneshwar,Jyot Se Jyot Jagate Chalo,bhairavi
584,Alor Pipasa,Na Bajayi Ho Shyam,bhairavi
585,Meri Surat Teri Aankhen,Nache Man Mora Magan Dhig Dha Dhigi Dhigi,bhairavi
586,Jahan Pyar Mile,Nas Nas Mein Agan,bhairavi
587,Aadi Raat Ke Baad,O Gauri Tori Banki,bhairavi
588,Ashiq,O Shama Mujhe Funk De,bhairavi
589,Shaheed,Pagadi Sambhal Jhatta,bhairavi
590,(non-film song),Phir Kisi Raha Guzar Par Shayad,bhairavi
591,Dooj Ka Chaand,Phool Gendava Na Maaro,bhairavi
592,Shri 420,Pyaar Hua Ikraar Hua,bhairavi
593,Waqt,Aage Bhi Jaane Na Tu,Pahadi
594,Raam Aur Shyam,Aaj Ki Raat Mere Dil Ki Salami Le Le,Pahadi
595,Bazi,Aaj Ki Raat Piya Dil Na Todo,Pahadi
596,Anmol Moti,Aaja Raja Leke Barat Aaja,Pahadi
597,Noori,"Aaja Re, Aaja Re O Mere Dilvar Aaja",Pahadi
598,Gumrah,Aaja Re Tujhko Mera Pyar Pukare,Pahadi
599,Navrang,Are Ja Re Hato Natakhat,Pahadi
600,Anmol Ghadi,Awaz De Kahan Hain,Pahadi
601,Dosti,Awaz Mein Na Dunga...Chahunga Main Tujhe Sanjh Savere,Pahadi
602,Aarti,Baharon Ki Manzil Rahi (a.k.a. Kabhi To Milegi),Pahadi
603,Aakhiri Khat,Baharon Mera Jivan Bhi Sanvaro,Pahadi
604,Pakeezah,Bata De Sakhi Kaun Gali Gayo Shyam  (a.k.a. Sakhi Kaun Gali Gayo Shyam ),Pahadi
605,Bhabhi ,Chal Ud Ja Re Panchi,Pahadi
606,Pakeezah,Chalo Dildar Chalo,Pahadi
607,Chaudavin Ka Chand,Chaudavin Ka Chand Ho Ya Aftab Ho,Pahadi
608,Noori,Chori Chori Koi Ae,Pahadi
609,Hum Aapke Dil Mein Rahte Hai,Chup Gaya Badli Mein,Pahadi
610,(non-film song),"Dil Mein Ek Lahar Si Uthi Hai Abhi""",Pahadi
611,Jewel Thief,Dil Pukare Are Are,Pahadi
612,Son of India,Dil Todnewale,Pahadi
613,Waqt,Din Hai Bahar Ke Tere Mere,Pahadi
614,Insaf,Do Dil Dhadak Rahe Hain Aur Avaz Ek Hai,Pahadi
615,Heer Ranjha,Do Dil Tute Do Dil Hare,Pahadi
616,Kohinoor,Do Sitaron Ka Zamin Pe Hai Milan Aaj Ki Rat,Pahadi
617,Chamka Chamka Subah Ka Tara,Gaya Andhera Hua Ujala,Pahadi
618,Dosti,Gudiya Hamse Ruthi Rahogi,Pahadi
619,Waqt,Ham Jab Simata Ke Aapki Bahonmen,Pahadi
620,Mere Sanam,Hamne To Dil Ko Aapke Kadamon Pe,Pahadi
621,Ram Teri Ganga Maili,Hushn Pahadon Ka,Pahadi
622,Kashmir Ki Kali,Isharon Isharon Mein Dil Lenewale,Pahadi
623,Shola Aur Shabnam,Jaane Kya Dhundti Rahati Hain,Pahadi
624,Dosti ,Jaanewalon Zara Mud Ke Dekho Mujhe,Pahadi
625,Anmol Ghadi,Javaan Hai Muhabbat,Pahadi
626,Door Ka Raahi,Jivan Se Na Har O Jeenewale,Pahadi
627,Taj Mahal ,Jo Vada Kiya Vo,Pahadi
628,Kabhi Kabhi,Kabhi Kabhi Mere Dil Men,Pahadi
629,Qayamat Se Qayamat Tak,Kahe Sataye Kaheko Rulaye,Pahadi
630,Sahibaan,Kaise Jiyunga Main Ho,Pahadi
631,Aap Ki Kasam,Karavate Badalte Rahe Sari Raat Ham,Pahadi
632,Waqt,Kaun Aya Ke Nigahon Mein Chamak Jag Uthi,Pahadi
633,Kohinoor ,Koi Pyara Ki Dekhe Jadugari,Pahadi
634,Aradhana,Kora Kagaz Tha Man Mera,Pahadi
635,Woh Kaun Thi?,Lag Jaa Gale,Pahadi
636,Barsaat,Mere Ankhon Mein Bas Gaya Koi Re,Pahadi
637,Nagin,Mohe Jana Hai Pike Nazariya (a.k.a. Sun Ri Sakhi Mohe Sajna),Pahadi
638,Ankhen,Mori Atariya Pe Kagan Bole,Pahadi
639,Baraat,Muft Huye Badnam Kisi Se Haay,Pahadi
640,Bachpan,Mujhe Tumse Muhabbat Hai Magar,Pahadi
641,Mahal,Mushkil Hai Bahut Mushkil,Pahadi
642,Chandramukhi,Nain Ka Chain Churakar Le Gayi,Pahadi
643,Silsila,Neela Aasman So Gayaa,Pahadi
644,Humraaz,Neele Gagan Ke Tale,Pahadi
645,Aadmi Aur Insaan,Neele Parabton Ki Dhara,Pahadi
646,Udan Khatola,O Dur Ke Musaphir Hamko Bhi Sath Le Le,Pahadi
647,&nbsp;,Paayo Ji Maine Ram Ratan Dhan Paayo,Pahadi
648,Shagun,Parbaton Ke Pedon Par Shaam Ka Basera Hai,Pahadi
649,Prem Pujari,Phulon Ke Rang Se,Pahadi
650,Daag,Preet Ye Kaisi Bol Re Duniya,Pahadi
651,Ziddi,Raat Ka Sama Jhume Chandrama,Pahadi
652,Mamta,Rahe Na Rahe Ham Mahaka Karenge,Pahadi
653,Jewel Thief,Rula Ke Gaya Sapna Mera,Pahadi
654,Aangan Ki Kali,Sainya Bina Ghar Suna,Pahadi
655,Bazaar,Sajan Ki Galiyan Chod Chale,Pahadi
656,Chitralekha,Sakhi Re Mera Man Uljhe Tan Dole,Pahadi
657,Parasmani,Salamat Raho,Pahadi
658,Apna Ghar,Sare Jahanse Achcha,Pahadi
659,Milan,"Savan Ka Mahina, Pavan Kare Sor",Pahadi
660,Jurmaana,Savan Ke Jhule Pade Tum Chale Aao,Pahadi
661,Albela,Sham Dhale Khidaki Tale,Pahadi
662,Dulari,Suhani Raat Dhal Chuki,Pahadi
663,Baradari,"Tasvir Banaata Hun, Tasvir Nahin Banati",Pahadi
664,(non-film song),Tere Bharose He Nandalala,Pahadi
665,Pyaar Ki Jeet,Tere Nainon Ne Chori Kiya,Pahadi
666,Mere Sanam,Thukade Hain Mere Dil Ke,Pahadi
667,Andaz,Tod Diya Dil Mera Tune Ai Bewafa,Pahadi
668,Ganga Jamuna,Tora Man Bada Papi Sanvariya Re,Pahadi
669,Neel Kamal,Tujhko Pukare Mera Pyar,Pahadi
670,Shagun,"Tum Apna Ranj O Gam, Apni Pareshani Mujhe De Do",Pahadi
671,Didi,Tum Mujhe Bhul Bhi Jao To Ye Haq Hai Tumko,Pahadi
672,Dadi Maa,Usko Nahin Dekha Hamne Kabhi,Pahadi
673,Guide,"Vahan Kaun Hai Tera, Musaphir Jayega Kahan",Pahadi
674,Bharosa,Vo Dil Kahan Se Laun,Pahadi
675,Miss Mary,Vrindavan Ka Krishna Kanhaiya,Pahadi
676,Aadmi Aur Insaan,Yara Dildara Mera Dil Karta,Pahadi
677,Maur Pankh,Yeh Barkha Bahar Sautaniya Ke Dwar,Pahadi
678,Prem Parbat,Ye Dil Aur Unki,Pahadi
679,Aaj Aur Kal,Ye Vadiyan Phizaen Bula Rahi Hain Tumhe,Pahadi
680,Kaun Apna Kaun Paraya,,Pahadi
681,Dadi Maa,Usko Nahin Dekha Hamne Kabhi,Pahadi
682,Guide,"Vahan Kaun Hai Tera, Musaphir Jayega Kahan",Pahadi
683,Bharosa,Vo Dil Kahan Se Laun,Pahadi
684,Miss Mary,Vrindavan Ka Krishna Kanhaiya,Pahadi
685,Aadmi Aur Insaan,Yara Dildara Mera Dil Karta,Pahadi
686,Maur Pankh,Yeh Barkha Bahar Sautaniya Ke Dwar,Pahadi
687,Prem Parbat,Ye Dil Aur Unki,Pahadi
688,Aaj Aur Kal,Ye Vadiyan Phizaen Bula Rahi Hain Tumhe,Pahadi
689,Kaun Apna Kaun Paraya,,Pahadi
690,Gaman,"Aap Ki Yaad Aati Rahi, Raat Bhar",bhairavi
691,Devar,Aaya Hai Mujhe Phir Yad,bhairavi
692,Kismat,Ab Tere Siva,bhairavi
693,Bluff Master,Ai Dil Ab Kahi Na Ja,bhairavi
694,Dulari,Ai Dil Tujhe,bhairavi
695,Rattan,"Ai Diwali, Ai Diwali",bhairavi
696,My Sister,Aie Kitab-e-Taqdeer,bhairavi
697,Daag,Ai Mere Dil Kahin Aur Chal,bhairavi
698,Meharban,"Ai Mere Dost, Ai Mere Hamdam",bhairavi
699,Main Shadi Karne Chala,Albeli Naar Pritam Dwar,bhairavi
700,April Fool,April Fool Banaaya,bhairavi
701,Awara,Awara Hun Ya Gardish Mein Hun,bhairavi
702,Street Singer,"Baabul Mora, Naihar Chhooto Hi Jaaye",bhairavi
703,Roti Kapda Aur Makaan,Baaki Kuchh Bacha To Menhagai Maar Gayi (a.k.a. Menhagai Maar Gayi),bhairavi
704,Rani Roopmati,Baat Chalat Nayi Chunari Rang Dari,bhairavi
705,Do Kaliyan,Bacche Man Ke Sacche,bhairavi
706,Dulha Dulhan,Bane To Ban Jaye Zamana Dushman,bhairavi
707,Barsaat,"Barasat Men, Hamse Mile Tum",bhairavi
708,Bobby,Beshaq Mandir Masjid Tode,bhairavi
709,Do Badan,Bhari Duniya Men Akhir Dil Ko Samajhane Kahan Jaayen,bhairavi
710,Satyam Shivam Sundaram,Bhor Bhaye Panghat Pe,bhairavi
711,Sangam,Bol Radha Bol Sangam Hoga Ke Nahin (A.K.A. Mere Man Kii Ganga,bhairavi
712,Junglee,Chahe Koi Mujhe Jangli Kahe,bhairavi
713,Ek Hi Raasta,Chali Gori Pi Se Milan Ko Chali,bhairavi
714,Chhaliya,Chaliya Mera Naam,bhairavi
715,Barsaat,Chhod Gaye Balam,bhairavi
716,Amar Prem,Chingari Koi Bhadke,bhairavi
717,Sur Sangam,Dhanya Bhag Seva Ka Avsar Paaya,bhairavi
718,Gambler,Dil Aaj Shair Hai,bhairavi
719,Dil Apna Aur Prit Paraiyi,Dil Apna Aur Prit Paraiyi,bhairavi
720,Tashan,Dil Dance Mare,bhairavi
721,Goonj Uthi Shehnai,Dil Ka Khilona Haye Tut Gaya,bhairavi
722,Son of India,Diya Na Bujhe Ri Aaj Hamara,bhairavi
723,Ganga Jamuna,Do Hanson Ka Joda Bichhad Gayo Re,bhairavi
724,Heer Ranjha,Doli Chadhte (Hi) Heer,bhairavi
725,Sangam,Dost Dost Na Raha,bhairavi
726,Teesari Kasam,Duniya Banane Wale Kya Tere Man,bhairavi
727,Ek Dil Aur Sau Afsane,Ek Dil Aur Sau Afsane,bhairavi
728,Awara,Ghar Aya Mera Pardesi,bhairavi
729,Choo Mantar,Gharib Jaan Ke Ham Ko Na Tum daga Dena,bhairavi
730,Das Lakh,Gharibon ki Suno (a.k.a. Chaahe Laakh Karo Tum Puja,bhairavi
731,Kudarat,Hame Tumse Pyar Kitana,bhairavi
732,Manzil,Hato Kaheko Juthi Banao Batiyaan (a.k.a. Banawo bathiyan hato),bhairavi
733,Jis Desh Me Ganga Baheti Hai,He Aag Hamare Sine Mein (a.k.a. Ham Bhi Hain Tum Bhi Ho),bhairavi
734,Jis Desh Me Ganga Baheti Hai,Hoton Pe Sachhayi Rahati Hai,bhairavi
735,Yaadgar,Iktaara Bole,bhairavi
736,Amar,"Insaf Ka Mandir Hai, Yeh Bhagavan Ka Ghar Hai",bhairavi
737,Bharosa,Is Bhari Duniyan Men,bhairavi
738,Maaya,"Jaa Re, Jaa Re Ud Jaa Re Panchhi",bhairavi
739,Kohinoor,Jaadugar Katil,bhairavi
740,Shah Jahan,Jab Dil Hi Tut Gaya,bhairavi
741,Tere Mere Sapne,Jaise Radha Ne Mala Japi Shyam,bhairavi
742,Beimaan,Jay Bolo Beiman Ki,bhairavi
743,Shola Aur Shabnam,Jeet Hi Lenge,bhairavi
744,Mera Naam Joker,Jina Yahan Marna Yahan,bhairavi
745,Saheli,Jis Dil Me Basa Tha Pyaar Tera,bhairavi
746,(non-film song),Jo Bhaje Hari Ko Sada,bhairavi
747,Jhanak Jhanak Paayal Baje,Jo Tum Todo Piya,bhairavi
748,Sant Gyaneshwar,Jyot Se Jyot Jagate Chalo,bhairavi
749,Ghazi Salahuddin,Kabhi Neki Bhi Uske Ji Men Gar Aa Jaye Hai Mujhse,bhairavi
750,Mera Naam Joker,Kaheta Hai Joker,bhairavi
751,Devta,Kaise Aau Jamuna Ke Tir,bhairavi
752,Sooraj,Kaise Samjhaun Bade Na Samajh Ho,bhairavi
753,Amar,Khamosh Hai Khevana Hara Mera,bhairavi
754,Mayur Pankh,Khushiyon Ke Chand,bhairavi
755,Bemisal,Kisi Baat Par Main,bhairavi
756,Aitbaar,Kisi Nazar Ko Tera Intazar Aja Bhi Hai,bhairavi
757,Patita,Kisi Ne Apna Bana Ke,bhairavi
758,Dil Hi To Hai,"Laga, Chunari Mein Daag",bhairavi
759,Jaanvar,Lal Chhadi Maidan Kadi,bhairavi
760,Bhakta Surdas,Madhukara Shyam Hamare Chor,bhairavi
761,Professor,Main Chali Main Chali,bhairavi
762,Sathi,Main To Pyaar Se Teri Piya Mang Sajaungi,bhairavi
763,Alaap,Mata Saraswati Sharda Vidya Dayi Dayani,bhairavi
764,Mehndi Lagi Mere Haath,Mehendi Lagi Mere Hath Re,bhairavi
765,Basant Bahar,Mein Piya Teri Tu Maane Ya Maane,bhairavi
766,Barsaat,"Mein Zindigi Men Hardam, Rota Hi Raha Hoon",bhairavi
767,Upkaar,"Mera Desh Ki Dharti, Sona Ugale Ugale Hire Moti",bhairavi
768,Shri 420,Mera Juta Hai Japani,bhairavi
769,Jism,Mere Khwabon Ka Har Aik Naksh,bhairavi
770,Jis Desh Me Ganga Baheti Hai,Mera Naam Raju,bhairavi
771,The Legend Of Bhagat Singh,Mera Rang De Basanti Chola,bhairavi
772,Jhanak Jhanak Payel Baje,Mere Ai Dil Bata,bhairavi
773,(non-film song),Meri Tanhaiyon Tum Hi Lagalo Mujhko Sinese,bhairavi
774,Kasme Vaade,"Mile Jo Kadi Kadi, Ek Zanjeer Bane",bhairavi
775,(non-film song),Mile Sur Tera Hamara,bhairavi
776,Kinara,Mithe Bol Bole,bhairavi
777,Jawaab,Mitwa Re Mitwa Purab Na Jaio,bhairavi
778,Mayur Pankh,Mohabbat Ki Dastan Aaj Suno,bhairavi
779,Ghunghat,Mori Chhum Chhum Baje Payeliya,bhairavi
780,"Dil Bhi Tera, Hum Bhi Tere",Mujhko Is Raat Ki Tanhai Main,bhairavi
781,Alor Pipasa,Na Bajayi Ho Shyam,bhairavi
782,Meri Surat Teri Aankhen,Nache Man Mora Magan Dhig Dha Dhigi Dhigi,bhairavi
783,Jahan Pyar Mile,Nas Nas Mein Agan,bhairavi
784,Aadi Raat Ke Baad,O Gauri Tori Banki,bhairavi
785,Ashiq,O Shama Mujhe Funk De,bhairavi
786,Shaheed,Pagadi Sambhal Jhatta,bhairavi
787,(non-film song),Phir Kisi Raha Guzar Par Shayad,bhairavi
788,Dooj Ka Chaand,Phool Gendava Na Maaro,bhairavi
789,Shri 420,Pyaar Hua Ikraar Hua,bhairavi
790,Aah,Raja Ki Ayegi Baraat,bhairavi
791,Shri 420,Ramiya Vastaavaiya,bhairavi
792,Anaadi,Sab Kuch Sikha Hamne,bhairavi
793,Chand Mere Aja,"Sajna, Sajna Kahe Bhul Gaye Din Pyar Ke",bhairavi
794,Ek Phool Do Mali,Sajna Sajna O Sajna,bhairavi
795,Anuradha,Sanvare Sanvare,bhairavi
796,Luck By Chance,Sapno Se Bhare Naina,bhairavi
797,Sahib Bibi Aur Ghulam,Saqiya Aaj Mujhe Nind Nahi Ayegi,bhairavi
798,Bhakta Surdas,Sar Pe Kaddam Ki Chainya,bhairavi
799,Dil Apna Aur Prit Paraiyi,Sheesha-e-Dil Itna Na Uchha Lo,bhairavi
800,Jism,Shikayat Hai,bhairavi
801,Johar Mehmood In Goa,Sikandar Bhi Aaye...Na Koi Raha,bhairavi
802,Baalak,Sun Le Bapu Ye Paigham,bhairavi
803,Anuraag,"Sun Ri Pavan, Pavan Puravaiya",bhairavi
804,Gulami,"Sunai Deti Hai Jiski Dhadkan (A.K.A Zihaal-e-Mastii, Makun-b-Ranjish)",bhairavi
805,Seema,Suno Chhoti Si Gudiya Ki Lambi Kahani,bhairavi
806,Barkha,"Sur Badale Kaise, Kaise Dekho Kismat Ki Shahana",bhairavi
807,Guest House,Tera Jadu Na Chalega,bhairavi
808,Anari,Tera Jana,bhairavi
809,Shabnam,Teri Nigahon Pe Mar,bhairavi
810,Baiju Bawra,Tu Ganga Ki Mauj Main Jamunaa Ka Dhaaraa,bhairavi
811,Dhool Ka Phool,Tu Hindu Banega Na Musalman Banega,bhairavi
812,Main Chup Rahungi,"Tum Hi Ho Mata, Pitaa Tumhi Ho",bhairavi
813,Sohni Mahiwal,Tumhare Sang Main Bhi Chalungi,bhairavi
814,Ayee Milan Ki Bela,Tumhen Aur Kya Dun Main Dil Ke Sivay,bhairavi
815,Andaaz ,Tute Na Dil Tute Na,bhairavi
816,Waqt,Waqt Se Din Aur Raat,bhairavi
817,Saanj Aur Savera,Yahi Hai Woh Saanj Aur Savera (A.K.A. Jiske Liye Tadape Ham),bhairavi
818,(non-film song),Ye Dil Yeh Paagal Dil Mera Kyon Bujh Gaya Awaaragi,bhairavi
819,Shair,"Ye Duniya Hai, Yanha Dil Ka",bhairavi
820,Hariyali Aur Raasta,Ye Hariyali Aur Ye Raasta,bhairavi
821,Mela,Yeh Zindagi Ke Mele,bhairavi
